file_path,file_name
background_asset/KYJ/1_modern_18,modernA1.jpg
background_asset/KYJ/1_modern_18,modernA2.jpg
background_asset/KYJ/1_modern_18,modernA3.jpg
background_asset/KYJ/1_modern_18,modernA4.jpg
background_asset/KYJ/1_modern_18,modernA_v1.jpg
background_asset/KYJ/1_modern_18,modernA_v2.jpg
background_asset/KYJ/1_modern_18,modernB1.jpg
background_asset/KYJ/1_modern_18,modernB2.jpg
background_asset/KYJ/1_modern_18,modernB3.jpg
background_asset/KYJ/1_modern_18,modernB4.jpg
background_asset/KYJ/1_modern_18,modernB_v1.jpg
background_asset/KYJ/1_modern_18,modernB_v2.jpg
background_asset/KYJ/1_modern_18,modernC1.jpg
background_asset/KYJ/1_modern_18,modernC2.jpg
background_asset/KYJ/1_modern_18,modernC3.jpg
background_asset/KYJ/1_modern_18,modernC4.jpg
background_asset/KYJ/1_modern_18,modernC_v1.jpg
background_asset/KYJ/1_modern_18,modernC_v2.jpg
background_asset/KYJ/2_luxury_12,luxury1.jpg
background_asset/KYJ/2_luxury_12,luxury10.jpg
background_asset/KYJ/2_luxury_12,luxury11.jpg
background_asset/KYJ/2_luxury_12,luxury12.jpg
background_asset/KYJ/2_luxury_12,luxury2.jpg
background_asset/KYJ/2_luxury_12,luxury3.jpg
background_asset/KYJ/2_luxury_12,luxury4.jpg
background_asset/KYJ/2_luxury_12,luxury5.jpg
background_asset/KYJ/2_luxury_12,luxury6.jpg
background_asset/KYJ/2_luxury_12,luxury7.jpg
background_asset/KYJ/2_luxury_12,luxury8.jpg
background_asset/KYJ/2_luxury_12,luxury9.jpg
background_asset/KYJ/3_nature_12,natureA-v1.jpg
background_asset/KYJ/3_nature_12,natureA-v2.jpg
background_asset/KYJ/3_nature_12,natureA1.jpg
background_asset/KYJ/3_nature_12,natureA2.jpg
background_asset/KYJ/3_nature_12,natureA3.jpg
background_asset/KYJ/3_nature_12,natureA4.jpg
background_asset/KYJ/3_nature_12,natureB-v1.jpg
background_asset/KYJ/3_nature_12,natureB-v2.jpg
background_asset/KYJ/3_nature_12,natureB1.jpg
background_asset/KYJ/3_nature_12,natureB2.jpg
background_asset/KYJ/3_nature_12,natureB3.jpg
background_asset/KYJ/3_nature_12,natureB4.jpg
background_asset/KYJ/3_nature_12,natureC-v1.jpg
background_asset/KYJ/3_nature_12,natureC-v2.jpg
background_asset/KYJ/3_nature_12,natureC1.jpg
background_asset/KYJ/3_nature_12,natureC2.jpg
background_asset/KYJ/3_nature_12,natureC3.jpg
background_asset/KYJ/3_nature_12,natureC4.jpg
background_asset/KYJ/4_street_18,streetA1.jpg
background_asset/KYJ/4_street_18,streetA2.jpg
background_asset/KYJ/4_street_18,streetA3.jpg
background_asset/KYJ/4_street_18,streetA4.jpg
background_asset/KYJ/4_street_18,streetA_v1.jpg
background_asset/KYJ/4_street_18,streetA_v2.jpg
background_asset/KYJ/4_street_18,streetB1.jpg
background_asset/KYJ/4_street_18,streetB2.jpg
background_asset/KYJ/4_street_18,streetB3.jpg
background_asset/KYJ/4_street_18,streetB4.jpg
background_asset/KYJ/4_street_18,streetB_v1.jpg
background_asset/KYJ/4_street_18,streetB_v2.jpg
background_asset/KYJ/4_street_18,streetC1.jpg
background_asset/KYJ/4_street_18,streetC2.jpg
background_asset/KYJ/4_street_18,streetC3.jpg
background_asset/KYJ/4_street_18,streetC4.jpg
background_asset/KYJ/4_street_18,streetC_v1.jpg
background_asset/KYJ/4_street_18,streetC_v2.jpg
background_asset/KYJ/5_wood_18,woodA1.jpg
background_asset/KYJ/5_wood_18,woodA2.jpg
background_asset/KYJ/5_wood_18,woodA3.jpg
background_asset/KYJ/5_wood_18,woodA4.jpg
background_asset/KYJ/5_wood_18,woodA_v1.jpg
background_asset/KYJ/5_wood_18,woodA_v2.jpg
background_asset/KYJ/5_wood_18,woodB1.jpg
background_asset/KYJ/5_wood_18,woodB2.jpg
background_asset/KYJ/5_wood_18,woodB3.jpg
background_asset/KYJ/5_wood_18,woodB4.jpg
background_asset/KYJ/5_wood_18,woodB_v1.jpg
background_asset/KYJ/5_wood_18,woodB_v2.jpg
background_asset/KYJ/5_wood_18,woodC1.jpg
background_asset/KYJ/5_wood_18,woodC2.jpg
background_asset/KYJ/5_wood_18,woodC3.jpg
background_asset/KYJ/5_wood_18,woodC4.jpg
background_asset/KYJ/5_wood_18,woodC_v1.jpg
background_asset/KYJ/5_wood_18,woodC_v2.jpg
background_asset/KYJ/6_neon_18,neonA1.png
background_asset/KYJ/6_neon_18,neonA2.png
background_asset/KYJ/6_neon_18,neonA3.png
background_asset/KYJ/6_neon_18,neonA4.png
background_asset/KYJ/6_neon_18,neonA_v1.png
background_asset/KYJ/6_neon_18,neonA_v2.png
background_asset/KYJ/6_neon_18,neonB1.png
background_asset/KYJ/6_neon_18,neonB2.png
background_asset/KYJ/6_neon_18,neonB3.png
background_asset/KYJ/6_neon_18,neonB4.png
background_asset/KYJ/6_neon_18,neonB_v1.png
background_asset/KYJ/6_neon_18,neonB_v2.png
background_asset/KYJ/6_neon_18,neonC1.png
background_asset/KYJ/6_neon_18,neonC2.png
background_asset/KYJ/6_neon_18,neonC3.png
background_asset/KYJ/6_neon_18,neonC4.png
background_asset/KYJ/6_neon_18,neonC_v1.png
background_asset/KYJ/6_neon_18,neonC_v2.png
background_asset/KYJ/7_antique_18,antiqueA1.jpg
background_asset/KYJ/7_antique_18,antiqueA2.jpg
background_asset/KYJ/7_antique_18,antiqueA3.jpg
background_asset/KYJ/7_antique_18,antiqueA4.jpg
background_asset/KYJ/7_antique_18,antiqueA_v1.jpg
background_asset/KYJ/7_antique_18,antiqueA_v2.jpg
background_asset/KYJ/7_antique_18,antiqueB1.jpg
background_asset/KYJ/7_antique_18,antiqueB2.jpg
background_asset/KYJ/7_antique_18,antiqueB3.jpg
background_asset/KYJ/7_antique_18,antiqueB4.jpg
background_asset/KYJ/7_antique_18,antiqueB_v1.jpg
background_asset/KYJ/7_antique_18,antiqueB_v2.jpg
background_asset/KYJ/7_antique_18,antiqueC1.jpg
background_asset/KYJ/7_antique_18,antiqueC2.jpg
background_asset/KYJ/7_antique_18,antiqueC3.jpg
background_asset/KYJ/7_antique_18,antiqueC4.jpg
background_asset/KYJ/7_antique_18,antiqueC_v1.jpg
background_asset/KYJ/7_antique_18,antiqueC_v2.jpg
background_asset/KYJ/8_traditional_18,traditionalA1.jpg
background_asset/KYJ/8_traditional_18,traditionalA2.jpg
background_asset/KYJ/8_traditional_18,traditionalA3.jpg
background_asset/KYJ/8_traditional_18,traditionalA4.jpg
background_asset/KYJ/8_traditional_18,traditionalA_v1.jpg
background_asset/KYJ/8_traditional_18,traditionalA_v2.jpg
background_asset/KYJ/8_traditional_18,traditionalB1.jpg
background_asset/KYJ/8_traditional_18,traditionalB2.jpg
background_asset/KYJ/8_traditional_18,traditionalB3.jpg
background_asset/KYJ/8_traditional_18,traditionalB4.jpg
background_asset/KYJ/8_traditional_18,traditionalB_v1.jpg
background_asset/KYJ/8_traditional_18,traditionalB_v2.jpg
background_asset/KYJ/8_traditional_18,traditionalC1.jpg
background_asset/KYJ/8_traditional_18,traditionalC2.jpg
background_asset/KYJ/8_traditional_18,traditionalC3.jpg
background_asset/KYJ/8_traditional_18,traditionalC4.jpg
background_asset/KYJ/8_traditional_18,traditionalC_v1.jpg
background_asset/KYJ/8_traditional_18,traditionalC_v2.jpg
background_asset/KYJ/9_industrial_12,industrialA1.jpg
background_asset/KYJ/9_industrial_12,industrialA2.jpg
background_asset/KYJ/9_industrial_12,industrialA3.jpg
background_asset/KYJ/9_industrial_12,industrialA4.jpg
background_asset/KYJ/9_industrial_12,industrialA_v1.jpg
background_asset/KYJ/9_industrial_12,industrialA_v2.jpg
background_asset/KYJ/9_industrial_12,industrialB1.jpg
background_asset/KYJ/9_industrial_12,industrialB2.jpg
background_asset/KYJ/9_industrial_12,industrialB3.jpg
background_asset/KYJ/9_industrial_12,industrialB4.jpg
background_asset/KYJ/9_industrial_12,industrialB_v1.jpg
background_asset/KYJ/9_industrial_12,industrialB_v2.jpg
background_asset/KYJ/10_cozy_12,cozyA1.jpg
background_asset/KYJ/10_cozy_12,cozyA2.jpg
background_asset/KYJ/10_cozy_12,cozyA3.jpg
background_asset/KYJ/10_cozy_12,cozyA4.jpg
background_asset/KYJ/10_cozy_12,cozyA_v1.jpg
background_asset/KYJ/10_cozy_12,cozyA_v2.jpg
background_asset/KYJ/10_cozy_12,cozyB1.jpg
background_asset/KYJ/10_cozy_12,cozyB2.jpg
background_asset/KYJ/10_cozy_12,cozyB3.jpg
background_asset/KYJ/10_cozy_12,cozyB4.jpg
background_asset/KYJ/10_cozy_12,cozyB_v1.jpg
background_asset/KYJ/10_cozy_12,cozyB_v2.jpg
background_asset/KYJ/13_abstract_12,abstractA1.jpg
background_asset/KYJ/13_abstract_12,abstractA2.jpg
background_asset/KYJ/13_abstract_12,abstractA3.jpg
background_asset/KYJ/13_abstract_12,abstractA4.jpg
background_asset/KYJ/13_abstract_12,abstractA_v1.jpg
background_asset/KYJ/13_abstract_12,abstractA_v2.jpg
background_asset/KYJ/13_abstract_12,abstractB1.jpg
background_asset/KYJ/13_abstract_12,abstractB2.jpg
background_asset/KYJ/13_abstract_12,abstractB3.jpg
background_asset/KYJ/13_abstract_12,abstractB4.jpg
background_asset/KYJ/13_abstract_12,abstractB_v1.jpg
background_asset/KYJ/13_abstract_12,abstractB_v2.jpg
background_asset/KYJ/14_office_11,officeA1.jpg
background_asset/KYJ/14_office_11,officeA2.jpg
background_asset/KYJ/14_office_11,officeA3.jpg
background_asset/KYJ/14_office_11,officeA4.jpg
background_asset/KYJ/14_office_11,officeA_v1.jpg
background_asset/KYJ/14_office_11,officeA_v2.jpg
background_asset/KYJ/14_office_11,officeB1.jpg
background_asset/KYJ/14_office_11,officeB2.jpg
background_asset/KYJ/14_office_11,officeB3.jpg
background_asset/KYJ/14_office_11,officeB4.jpg
background_asset/KYJ/14_office_11,officeB_v1.jpg
background_asset/KYJ/15_bathroom_12,bathroomA1.jpg
background_asset/KYJ/15_bathroom_12,bathroomA2.jpg
background_asset/KYJ/15_bathroom_12,bathroomA3.jpg
background_asset/KYJ/15_bathroom_12,bathroomA4.jpg
background_asset/KYJ/15_bathroom_12,bathroomA_v1.jpg
background_asset/KYJ/15_bathroom_12,bathroomA_v2.jpg
background_asset/KYJ/15_bathroom_12,bathroomB1.jpg
background_asset/KYJ/15_bathroom_12,bathroomB2.jpg
background_asset/KYJ/15_bathroom_12,bathroomB3.jpg
background_asset/KYJ/15_bathroom_12,bathroomB4.jpg
background_asset/KYJ/15_bathroom_12,bathroomB_v1.jpg
background_asset/KYJ/15_bathroom_12,bathroomB_v2.jpg